name,annonces,phone,url
"Logic Immo
A vendre Et location des biens en Longue Durée à Marrakech

Membre depuis 2019

Avito Immobilier

121 Articles","","0654138342","https://www.avito.ma/fr/boutique?id=3362"
"Digimo
Digital immobilier la bonne adresse pour trouver la votre

Membre depuis 2021

Avito Immobilier

521 Articles","","0669172664","https://www.avito.ma/fr/boutique?id=4592"
"FADL IMMO
en attente

Membre depuis 2022

Avito Immobilier

165 Articles","","0703116935","https://www.avito.ma/fr/boutique?id=5080"
"Milkiya
Premier réseau de mandataires immobilier au Maroc

Membre depuis 2022

Avito Immobilier

637 Articles","","0600069775","https://www.avito.ma/fr/boutique/milkiya?id=5322"
"MIRAMAR DA CASTELL
Agence immobilière

Membre depuis 2023

Tanger
Avito Immobilier

243 Articles","","0661584809","https://www.avito.ma/fr/boutique?id=6264"
"Agadir L agence NELA
en attente

Membre depuis 2022

Agadir
Avito Immobilier

156 Articles","","0661338500","https://www.avito.ma/fr/boutique?id=5300"
"Andalouss d immobilier
Il vous permet d avoir une facilité au niveau de recherche afin d être satisfaire de nos services

Membre depuis 2016

Salé
Avito Immobilier

309 Articles","","0661683135","https://www.avito.ma/fr/boutique?id=1111"
"Andalouss d immobilier
Il vous permet d avoir une facilité au niveau de recherche afin d être satisfaire de nos services

Membre depuis 2016

Salé
Avito Immobilier

309 Articles","","0661683135","https://www.avito.ma/fr/boutique?id=1111"
"Rana Immobilier
Professionnel en transaction immobilière, Location, Vente,Achat et Commerce

Membre depuis 2018

Avito Immobilier

242 Articles","","0661351119","https://www.avito.ma/fr/boutique?id=2661"
"Lhaj
Lhaj

Membre depuis 2021

Casablanca
Avito Immobilier

232 Articles","","0713554854","https://www.avito.ma/fr/boutique/lhaj?id=4376"
"Lhaj
Lhaj

Membre depuis 2021

Casablanca
Avito Immobilier

232 Articles","","0713554854","https://www.avito.ma/fr/boutique/lhaj?id=4376"
"ABAMNY Immobilier
Vente - Achat - Location

Membre depuis 2016

Casablanca
Avito Immobilier

212 Articles","","0626295514","https://www.avito.ma/fr/boutique/abamnyimmobilier?id=1411"
"Jelloul-immo-El Menzeh
EN ATTENTE

Membre depuis 2023

Avito Immobilier

364 Articles","","0697383775","https://www.avito.ma/fr/boutique?id=6079"
"Reda Location Appart Fès
Appartement Et Studio Meublé À louer Par jour Fès

Membre depuis 2022

Fès
Avito Immobilier

551 Articles","","0613242244","https://www.avito.ma/fr/boutique?id=5125"
"triongle immo
Triongle immo une agence spécialisé dans le secteur immobilier « la vente l achat et la location

Membre depuis 2019

Avito Immobilier

200 Articles","","0761859002","https://www.avito.ma/fr/boutique?id=3663"
"Yakeey

Membre depuis 2024

Avito Immobilier

1562 Articles","","0779904093","https://www.avito.ma/fr/boutique/yakeey?id=6359"
"Between bonnes affaires immo
Between bonnes affaires immo pour toute transaction immobilière achat vente et location

Membre depuis 2020

Avito Immobilier

277 Articles","","0661680342","https://www.avito.ma/fr/boutique/top-sakane?id=4196"
"zebra service Casablanca
Notre objectif est de vous facilité votre recherche

Membre depuis 2018

Casablanca
Avito Immobilier

147 Articles","","0668413240","https://www.avito.ma/fr/boutique?id=2826"
"Globex Partners
Agence immobilière innovante apportant une nouvelle vision de l immobilier nous vivons notre métier

Membre depuis 2023

Casablanca
Avito Immobilier

146 Articles","","0691660763","https://www.avito.ma/fr/boutique?id=5515"
"Agence ZEBRA SERVICE
Vente Achat Location I Location de voiture I Circuit Touristique I Transport Touristique

Membre depuis 2016

Marrakech
Avito Immobilier

889 Articles","","0638755585","https://www.avito.ma/fr/boutique/zebraservicemarrakech?id=1487"
"Les vacances d'agadir
Mohamed

Membre depuis 2019

Avito Immobilier

175 Articles","","0663336601","https://www.avito.ma/fr/boutique?id=3750"
"Les vacances d'agadir
Mohamed

Membre depuis 2019

Avito Immobilier

175 Articles","","0663336601","https://www.avito.ma/fr/boutique?id=3750"
"SR immo
en attente

Membre depuis 2023

Mohammedia
Avito Immobilier

127 Articles","","0709736396","https://www.avito.ma/fr/boutique?id=5694"
"DIVERSE JOBS COMPANY
la société DIVERSE JOBS COMPANY vous souhaite le bienvenu dans sa boutique DIVERSE JOBS COMPANY

Membre depuis 2016

Avito Immobilier

209 Articles","","0661906051","https://www.avito.ma/fr/boutique/arawassi-?id=1109"
"MZOUDA IMMO
Mzouda est une boutique spécialisée dans toutes les transactions immobilières

Membre depuis 2015

Rabat
Avito Immobilier

289 Articles","","0661406733","https://www.avito.ma/fr/boutique?id=432"
"High immo
Société immobilière Agence HIGH IMMO Votre partenaire immobilier A rabat

Membre depuis 2016

Rabat
Avito Immobilier

210 Articles","","0662419068","https://www.avito.ma/fr/boutique/agence-high-immo?id=879"
"Immobilier Zohor
en attente

Membre depuis 2023

Marrakech
Avito Immobilier

246 Articles","","0658564228","https://www.avito.ma/fr/boutique?id=5984"
"Casablanca Immobilier
Vente et location des biens sur casablanca immobilier

Membre depuis 2017

Casablanca
Avito Immobilier

184 Articles","","0635066038","https://www.avito.ma/fr/boutique?id=1940"
"AGENZ.MA
Agenz.ma est le leader de l'immobilier

Membre depuis 2024

Avito Immobilier

1625 Articles","","0665352431","https://www.avito.ma/fr/boutique/agenz?id=6309"
"IMMO HAKIM
Agence immobilière IMMO HAKIM

Membre depuis 2019

Nador
Avito Immobilier

175 Articles","","0659534535","https://www.avito.ma/fr/boutique?id=3693"
"Amlakiweb
en attente

Membre depuis 2023

Avito Immobilier

140 Articles","","0662255703","https://www.avito.ma/fr/boutique?id=5919"
"DARNA MARKET
MTG IMMO Mohammedia

Membre depuis 2020

Avito Immobilier

2075 Articles","","0774776167","https://www.avito.ma/fr/boutique?id=3868"
"IMMO FACILE

Membre depuis 2024

Avito Immobilier

135 Articles","","0660607309","https://www.avito.ma/fr/boutique?id=6814"
"KALAIPEDA REAL ESTATE
Vente Achat Location Gestion Locative Conseil en immobilier

Membre depuis 2016

Tanger
Avito Immobilier

159 Articles","","0661497860","https://www.avito.ma/fr/boutique?id=1290"
"WALLSLUXURYPREMIER
Walls Luxury Premier est une agence immobilière spécialisée dans la vente

Membre depuis 2020

Marrakech
Avito Immobilier

122 Articles","","0634378995","https://www.avito.ma/fr/boutique?id=4319"
"Super immo salah
Agence immobilière

Membre depuis 2023

Casablanca
Avito Immobilier

246 Articles","","0661698992","https://www.avito.ma/fr/boutique?id=6134"
"HM .. IMMOBILIER
en attente

Membre depuis 2023

Berrechid
Avito Immobilier

790 Articles","","0672663398","https://www.avito.ma/fr/boutique?id=5926"
"EXPERT FONCIER
Éthique et Professionnalisme Sont les fondements essentiels de notre édifice capital conseil

Membre depuis 2015

Casablanca
Avito Immobilier

170 Articles","","0696832232","https://www.avito.ma/fr/boutique?id=413"
"Immo continental
en attente

Membre depuis 2023

Avito Immobilier

340 Articles","","0627290382","https://www.avito.ma/fr/boutique?id=5978"
"best appartement
on es votre partenaire de confiance au Maroc vous conseille et vous guide

Membre depuis 2020

Avito Immobilier

411 Articles","","0710005203","https://www.avito.ma/fr/boutique?id=3796"
"Chahidimmo
CHAHID immo est une agence immobilière d une expérience de plus de 10 ans

Membre depuis 2017

Avito Immobilier

125 Articles","","0661194060","https://www.avito.ma/fr/boutique?id=1942"
"AGENCE BOUAZZAOUI BELAYACHI IMMOBILIER-AGRICOLE
Société spécialisée en toute action de vente et d achat

Membre depuis 2017

Avito Immobilier

246 Articles","","0659531705","https://www.avito.ma/fr/boutique?id=2055"
"MME Wafaa
en attente

Membre depuis 2022

Avito Immobilier

175 Articles","","0649900058","https://www.avito.ma/fr/boutique?id=5472"
"HAFIDI IMMOBILIER
Vous êtes à la recherche de conseil en immobilier Vous souhaitez acheter ou louer le bien immo

Membre depuis 2019

Avito Immobilier

137 Articles","","0608994505","https://www.avito.ma/fr/boutique?id=3533"
"SAMI IMMOBILIER
Un agent immobilier à votre service

Membre depuis 2023

Marrakech
Avito Immobilier

359 Articles","","0695252095","https://www.avito.ma/fr/boutique?id=5880"
"Agence immobilière ben Hammou

Membre depuis 2024

Avito Immobilier

127 Articles","","0682490613","https://www.avito.ma/fr/boutique?id=6430"
"Winks immobilier
EN ATTENTE

Membre depuis 2023

Casablanca
Avito Immobilier

768 Articles","","0684839189","https://www.avito.ma/fr/boutique?id=6194"
"IMMO EL HADDAOUI
Agence immobilière pour location achat vente ou faire gérer votre bien immobilier à Casablanca

Membre depuis 2019

Casablanca
Avito Immobilier

130 Articles","","0624580685","https://www.avito.ma/fr/boutique?id=3691"
"Hafid la vilette
en attente

Membre depuis 2023

Avito Immobilier

313 Articles","","0664683567","https://www.avito.ma/fr/boutique?id=5887"
"NOBDA
L'immobilier c'est notre métier!

Membre depuis 2023

Casablanca
Avito Immobilier

318 Articles","","0619294383","https://www.avito.ma/fr/boutique?id=6075"
"Marocgest
Notre assistance vous permet de gagner en temps budget et énergie

Membre depuis 2017

Avito Immobilier

224 Articles","","0660601299","https://www.avito.ma/fr/boutique?id=1717"
"Eximomaroc
en attente

Membre depuis 2022

Marrakech
Avito Immobilier

164 Articles","","0702888888","https://www.avito.ma/fr/boutique?id=5212"
"GBRE
Annonce immobilière Immo neuf

Membre depuis 2023

Rabat
Avito Immobilier

329 Articles","","0661228726","https://www.avito.ma/fr/boutique/gbre?id=5842"
"Serraj Immobilier
Serraj Immobilier

Membre depuis 2019

Avito Immobilier

416 Articles","","0666444226","https://www.avito.ma/fr/boutique/serraj-immo?id=3575"
"The Real Estate
The Best Choice

Membre depuis 2023

Rabat
Avito Immobilier

127 Articles","","0688632911","https://www.avito.ma/fr/boutique?id=5724"
"Agence Immobiliere Arena
Une agence immobilière Marocain basée à ksar el kebir au nord du Maroc

Membre depuis 2016

Avito Immobilier

149 Articles","","0661810381","https://www.avito.ma/fr/boutique?id=1327"
"Fedala Immobilier
en attente

Membre depuis 2022

Avito Immobilier

527 Articles","","0654332081","https://www.avito.ma/fr/boutique?id=5369"
"step lock immo SARL au
step lock immo SARL au agence immobilière à Marrakech

Membre depuis 2022

Marrakech
Avito Immobilier

260 Articles","","0615570658","https://www.avito.ma/fr/boutique?id=5217"
"Last price immo SARL
location des appartements de vacances et longue durée

Membre depuis 2023

Marrakech
Avito Immobilier

250 Articles","","0654054363","https://www.avito.ma/fr/boutique?id=5598"
"la fondation immo 202
Dream house propose à ses clients des services immobiliers et des conseils dans toutes les transacti

Membre depuis 2022

Temara
Avito Immobilier

121 Articles","","0661599911","https://www.avito.ma/fr/boutique?id=5378"
"SOUFIANE
Nous concentrons notre action commerciale et mettons à votre service notre connaissance du marché

Membre depuis 2022

Kénitra
Avito Immobilier

200 Articles","","0700020805","https://www.avito.ma/fr/boutique?id=5294"